variableMetadata	chromato	name	chebi_id	annot_level	annot_confidence	kegg_id	kegg_pathway_family	kegg_pathways	kegg_subpathways	hmdb_id	pubchem_id	formula	monoisotopic_mass	inchikey	inchi	MT	mz	rt	isotopes	adduct	pcgroup	redund_group	redund_iso_add_frag
isobutyric acid	hilic	Isobutyric acid	CHEBI:16135	2	a,b	C02632	Microbial Metabolism	Microbial Metabolism	Microbial Metabolism	HMDB01873	CID6590	C4H8O2	88.05243	KQNPFQTWMSNSAP-UHFFFAOYSA-N	InChI=1S/C4H8O2/c1-3(2)4(5)6/h3H,1-2H3,(H,5,6)	M87T3.2	87.0452013781343	152.965413882579		[M-H-CH2]- 102.067	25	6	@M88.0486T2.55|-13C
oxalic acid	hilic	Oxalic acid	CHEBI:16995	2	a,b	C00209	Lipid metabolism|Microbial Metabolism	Fatty acids|Microbial Metabolism	Dicarboxylic|Microbial Metabolism	HMDB02329	CID971	C2H2O4	89.99531	MUBZPKHOEPUJKR-UHFFFAOYSA-N	InChI=1S/C2H2O4/c3-1(4)2(5)6/h(H,3,4)(H,5,6)	M89T10	88.9881020384979	589.504059407766	[10][M]-		35	8	@M89.9914T9.82|-13C|@M90.9923T9.82|-18O|-13C2|@M150.9885T9.82|-(H2O)-(CO2)
isovaleric acid	hilic	Isovaleric acid;3-Methylbutanoic acid;3-Methylbutyric acid	CHEBI:28484	2	a,b	C08262	Lipid metabolism	Fatty acids	Branched	HMDB00718	CID10430	C5H10O2	102.06808	GWYFCOCPABKNJV-UHFFFAOYSA-N	InChI=1S/C5H10O2/c1-4(2)3-5(6)7/h4H,3H2,1-2H3,(H,6,7)	M101T2.3	101.060869752195	133.27106016843	[45][M]-		18	15	@M102.0643T2.22|-13C
L-serine	hilic	L-Serine;Serine	CHEBI:17115	2	a,b	C00065	Amino acid metabolism|Carbohydrate metabolism|Lipid metabolism	Cysteine and Methionine|Glycine, Serine and Threonine|Glyoxylate and dicarboxylate metabolism|Sphingolipid metabolism	Cysteine|Serine|Glyoxylate|Sphingosine	HMDB00187	CID5951	C3H7NO3	105.04259	MTCFGRXMJLQNBG-REOHCLBHSA-N	InChI=1S/C3H7NO3/c4-2(1-5)3(6)7/h2,5H,1,4H2,(H,6,7)/t2-/m0/s1	M104T8.1	104.035398685789	480.099677326567	[38][M+3]-		2	18	@M105.0387T8|-13C
citric acid	hilic	Citric acid|Isocitric acid	CHEBI:30769|CHEBI:30887	2	a,b	C00158|C00311	Amino acid metabolism|Carbohydrate metabolism	Alanine, Aspartate and Glutamate|Citrate Cycle|Glyoxylate and dicarboxylate metabolism	Glutamate|Krebs cycle|Citrate	HMDB00094|HMDB00193	CID311|CID1198	C6H8O7	192.027	KRKNYBCHXYNGOX-UHFFFAOYSA-N|ODBLHEXUDAPZAU-UHFFFAOYSA-N	InChI=1S/C6H8O7/c7-3(8)1-6(13,5(11)12)2-4(9)10/h13H,1-2H2,(H,7,8)(H,9,10)(H,11,12)|InChI=1S/C6H8O7/c7-3(8)1-2(5(10)11)4(9)6(12)13/h2,4,9H,1H2,(H,7,8)(H,10,11)(H,12,13)	M191T10	191.019869255792	608.554907908888	[220][M]-	[M+Cl]- 156.056	23	23	@M111.0088T10.14|+2(H2O)+(CO2)|@M173T10_cis.Aconitic.acid.Dehydr.|+(H2O)|@M192.0232T10.14|-13C|@M193.0239T10.14|-18O|-13C2
L-proline	hilic	L-Proline;Proline	CHEBI:17203	2	a,b	C00148	Amino acid metabolism	Aginine and Proline metabolism	L-Proline	HMDB00162	CID145742	C5H9NO2	115.06333	ONIBWKKTOPOVIA-BYPYZUCNSA-N	InChI=1S/C5H9NO2/c7-5(8)4-2-1-3-6-4/h4,6H,1-3H2,(H,7,8)/t4-/m0/s1	M114T6.1	114.056078000667	375.317400978672	[60][M]-		7	26	@M115.0594T6.26|-13C|@M116.0603T6.27|-18O|-13C2
hexanoic acid	hilic	Caproic acid;Hexanoic acid	CHEBI:30776	2	a,b	C01585	Lipid metabolism	Fatty acids	Straight chain	HMDB00535	CID8892	C6H12O2	116.08373	FUZZWVXGSFPDMH-UHFFFAOYSA-N	InChI=1S/C6H12O2/c1-2-3-4-5-6(7)8/h2-5H2,1H3,(H,7,8)	M115T2.2	115.076522081929	93.5029673587562	[63][M]-	[M-H-C6H10O4]- 262.142	45	28	@M116.0799T1.56|-13C
methylmalonic acid	hilic	Methylmalonic acid;2-Methylmalonic acid|Succinic acid	CHEBI:30860|CHEBI:15741	2	a,b	C02170|C00042	Amino acid metabolism|Carbohydrate metabolism	Alanine, Aspartate and Glutamate|Valine, Leucine and Isoleucine degradation|Butanoate metabolism|Citrate Cycle|Propanoate metabolism	Glutamate|Valine|L-Glutamate|Krebs cycle|Succinate	HMDB00202|HMDB00254	CID487|CID1110	C4H6O4	118.0266	ZIYVHBGGAOATLY-UHFFFAOYSA-N|KDYFGRWQOYBRFD-UHFFFAOYSA-N	InChI=1S/C4H6O4/c1-2(3(5)6)4(7)8/h2H,1H3,(H,5,6)(H,7,8)|InChI=1S/C4H6O4/c5-3(6)1-2-4(7)8/h1-2H2,(H,5,6)(H,7,8)	M117T9.1	117.019439075447	527.064725978202	[67][M]-		748	33	@M118.0228T8.78|-13C
nicotinamide	hilic	Nicotinamide;Niacinamide;Vitamin PP;Vitamin B3	CHEBI:17154	2	a,b	C00153	Metabolism of cofactors and vitamins	Nicotinate and Nicotinamide metabolism	NAD+	HMDB01406	CID936	C6H6N2O	122.04801	DFPAKSUCGFBDDF-UHFFFAOYSA-N	InChI=1S/C6H6N2O/c7-6(9)5-2-1-3-8-4-5/h1-4H,(H2,7,9)	M121T2.2	121.040863629941	133.27106016843	[76][M]-	[M-H]- 122.045	18	36	@M122.0442T2.22|-13C
L-ornithine	hilic	Ornithine;L-Ornithine	CHEBI:15729	2	a,b	C00077	Amino acid metabolism|Metabolism of other amino acids	Aginine and Proline metabolism|Aginine biosynthesis|Glutathione metabolism	L-Proline|Urea cylcle|Spermidine	HMDB00214	CID6262	C5H12N2O2	132.08988	AHLPHDHHMVZTML-BYPYZUCNSA-N	InChI=1S/C5H12N2O2/c6-3-1-2-4(7)5(8)9/h4H,1-3,6-7H2,(H,8,9)/t4-/m0/s1	M131T9.11	131.082703816431	569.870603729527	[91][M]-	[2M-2H+Na]- 55.0559	17	43	@M132.086T9.5|-13C
O-phosphoethanolamine	hilic	O-Phosphorylethanolamine;O-Phosphoethanolamine	CHEBI:17553	2	a,b	C00346	Lipid metabolism	Sphingolipid metabolism	Sphingosine	HMDB00224	CID1015	C2H8NO4P	141.01909	SUHOOTKUPISOBE-UHFFFAOYSA-N	InChI=1S/C2H8NO4P/c3-1-2-7-8(4,5)6/h1-3H2,(H2,4,5,6)	M140T9.1	140.011811650915	554.734607627493		[M-H-C6H10O5]- 303.071	6	52	@M237.989T9.24|-(H3PO4)
O-acetyl-L-serine	hilic	N-Acetyl-DL-serine|O-Acetyl-L-serine	CHEBI:17981	2	a,b	C00979	Amino acid metabolism	Glycine, Serine and Threonine	Serine	HMDB02931|HMDB03011	CID352294|CID99478	C5H9NO4	147.0532	JJIHLJJYMXLCOY-UHFFFAOYSA-N|VZXPDPZARILFQX-BYPYZUCNSA-N	InChI=1S/C5H9NO4/c1-3(8)6-4(2-7)5(9)10/h4,7H,2H2,1H3,(H,6,8)(H,9,10)|InChI=1S/C5H9NO4/c1-3(7)10-2-4(6)5(8)9/h4H,2,6H2,1H3,(H,8,9)/t4-/m0/s1	M146T5	146.045953968807	311.62531762923	[118][M]-		9	62	@M147.0493T5.2|-13C
(R)-2-hydroxyglutaric acid	hilic	D-α-Hydroxyglutaric acid	CHEBI:32796	2	a,b	C01087	Carbohydrate metabolism	Butanoate metabolism	2-Oxoglutarate	HMDB00606	CID439391	C5H8O5	148.03717	HWXBTNAVRSUOJR-GSVOUGTGSA-N	InChI=1S/C5H8O5/c6-3(5(9)10)1-2-4(7)8/h3,6H,1-2H2,(H,7,8)(H,9,10)/t3-/m1/s1	M147T9.2	147.029979607206	529.216805998184	[119][M]-		748	64	@M148.0333T8.82|-13C
9H-xanthine	hilic	Xanthine	CHEBI:17712	2	a,b	C00385	Biosynthesis of other secondary metabolites|Nucleotide metabolism	Caffeine metabolism|Purine metabolism	Caffeine|Inosine and Xanthine	HMDB00292	CID1188	C5H4N4O2	152.03343	LRFVTYWOQMYALW-UHFFFAOYSA-N	InChI=1S/C5H4N4O2/c10-4-2-3(7-1-6-2)8-5(11)9-4/h1H,(H3,6,7,8,9,10,11)	M151T6	151.026174203886	348.839583686341	[125][M]-		4	66	@M152.0295T5.81|-13C
L-histidine	hilic	L-Histidine	CHEBI:15971	2	a,b	C00135	Amino acid metabolism|Metabolism of other amino acids	Histidine metabolism|beta-Alanine metabolism	Carnosine|beta-Alanine	HMDB00177	CID6274	C6H9N3O2	155.06948	HNDVDQJCIGZPNO-YFKPBYRVSA-N	InChI=1S/C6H9N3O2/c7-5(6(10)11)1-4-2-8-3-9-4/h2-3,5H,1,7H2,(H,8,9)(H,10,11)/t5-/m0/s1	M154T7.1	154.062262986987	429.566868017514			3	69	@M155.0656T7.16|-13C
orotic acid	hilic	Orotic acid	CHEBI:16742	2	a,b	C00295	Nucleotide metabolism	Pyrimidine metabolism	Uridine	HMDB00226	CID967	C5H4N2O4	156.01711	PXQPEWDEAKTCGB-UHFFFAOYSA-N	InChI=1S/C5H4N2O4/c8-3-1-2(4(9)10)6-5(11)7-3/h1H,(H,9,10)(H2,6,7,8,11)	M155T5	155.009903815536	297.439574181622	[131][M]-	[M-H]- 156.019	12	70	@M156.0132T4.96|-13C|@M305.0629T4.96|-(C5H10O5)
nonanoic acid	hilic	Nonanoic acid;Pelargonic acid	CHEBI:29019	2	a,b	C01601	Lipid metabolism	Fatty acids	Straight chain	HMDB00847	CID8158	C9H18O2	158.13068	FBUKVWPVBMHYJY-UHFFFAOYSA-N	InChI=1S/C9H18O2/c1-2-3-4-5-6-7-8-9(10)11/h2-8H2,1H3,(H,10,11)	M157T1	157.123394548466	85.0467513882528	[138][M]-	[M-H-CH2]- 172.149	29	73	@M158.1268T1.42|-13C
phosphoenolpyruvic acid	hilic	Phosphoenolpyruvic acid	CHEBI:44897	2	a,b	C00074	Carbohydrate metabolism	Citrate Cycle|Glycolysis|Pyruvate metabolism	Acetyl-CoA|Glycolysis|Pyruvate	HMDB00263	CID1005	C3H5O6P	167.98237	DTBNBXWJWCWCIK-UHFFFAOYSA-N	InChI=1S/C3H5O6P/c1-2(3(4)5)9-10(6,7)8/h1H2,(H,4,5)(H2,6,7,8)	M167T10	166.97514666992	592.897282323106	[161][M]-	[M+Cl]- 132.006	1884	83	@M167.9786T9.88|-13C
sn-glycerol 3-phosphate	hilic	Glycerol 3-phosphate	CHEBI:15978	2	a,b	NA				NA	NA	C3H9O6P	172.01367	NA	NA	M171T9.2	171.006512899115	526.249482782628			16	87	@M172.0098T8.78|-13C|@M304.0443T8.76|-(C3H6O3)-(CHNO)
L-citrulline	hilic	L-Citrulline;Citrulline	CHEBI:16349	2	a,b	C00327	Amino acid metabolism	Aginine biosynthesis	Urea cylcle	HMDB00904	CID9750	C6H13N3O3	175.09569	RHGKLRLOHDJJDR-BYPYZUCNSA-N	InChI=1S/C6H13N3O3/c7-4(5(10)11)2-1-3-9-6(8)12/h4H,1-3,7H2,(H,10,11)(H3,8,9,12)/t4-/m0/s1	M174T8.1	174.088487930998	495.462756589936	[177][M]-		15	92	@M175.0918T8.26|-13C
3-(4-hydroxyphenyl)lactic acid	hilic	DL-p-Hydroxyphenyllactic acid;4-Hydroxyphenyllactic acid;3-(4-hydroxyphenyl)lactic acid|Homovanillic acid	CHEBI:17385|CHEBI:545959	2	a,b	C03672|C05582	Amino acid metabolism	Tyrosine metabolism	Gentisate|L-Dopa	HMDB00755|HMDB00118	CID9378|CID1738	C9H10O4	182.0579	JVGVDSSUAVXRDY-UHFFFAOYSA-N|QRMZSPFSDQBLIX-UHFFFAOYSA-N	InChI=1S/C9H10O4/c10-7-3-1-6(2-4-7)5-8(11)9(12)13/h1-4,8,10-11H,5H2,(H,12,13)|InChI=1S/C9H10O4/c1-13-8-4-6(5-9(11)12)2-3-7(8)10/h2-4,10H,5H2,1H3,(H,11,12)	M181T3	181.050820367842	204.157191263823	[197][M]-	[M-H-HCOOH]- 228.053	8	99	@M182.054T3.39|-13C
D-mannitol	hilic	D-Mannitol|Dulcitol;Galactitol	CHEBI:16899|CHEBI:16813	2	a,b	C00392|C01697	Carbohydrate metabolism	Fructose and Mannose metabolism|Galactose metabolism	Others|Galactose	HMDB00765|HMDB00107	CID6251|CID11850	C6H14O6	182.079	FBPFZTCFMRRESA-KVTDHHQDSA-N|FBPFZTCFMRRESA-GUCUJZIJSA-N	InChI=1S/C6H14O6/c7-1-3(9)5(11)6(12)4(10)2-8/h3-12H,1-2H2/t3-,4-,5-,6-/m1/s1|InChI=1S/C6H14O6/c7-1-3(9)5(11)6(12)4(10)2-8/h3-12H,1-2H2/t3-,4+,5+,6-	M181T7	181.071915497044	443.69081013512	[198][M]-		3	100	@M182.0751T7.4|-13C
Tyr-Phe-Met	hilic	N-Acetyl-L-methionine	CHEBI:165927	2	a,b	C02712	Amino acid metabolism	Cysteine and Methionine	Others	HMDB11745	CID448580	C7H13NO3S	191.06161	XUYPXLNMDZIRQH-LURJTMIESA-N	InChI=1S/C7H13NO3S/c1-5(9)8-6(7(10)11)3-4-12-2/h6H,3-4H2,1-2H3,(H,8,9)(H,10,11)/t6-/m0/s1	M190T2.1	190.054482889485	134.824442862521	[219][M]-		18	115	@M191.0579T2.25|-13C|@M192.0503T2.25|-34S|-41K|-37Cl
N-acetyl-L-phenylalanine	hilic	N-Acetyl-L-phenylalanine	CHEBI:16259	2	a,b	C03519	Amino acid metabolism	Phenylalanine metabolism	Other	HMDB00512	CID74839	C11H13NO3	207.08954	CBQJSKKFNMDLON-JTQLQIEISA-N	InChI=1S/C11H13NO3/c1-8(13)12-10(11(14)15)7-9-5-3-2-4-6-9/h2-6,10H,7H2,1H3,(H,12,13)(H,14,15)/t10-/m0/s1	M206T2.1	206.082418646088	92.6479148892126	[245][M+2]-		11	132	@M207.0857T1.54|-13C
indoxyl sulfate	hilic	Indoxyl sulfate	CHEBI:43355	2	a,b		Amino acid metabolism	Tryptophan metabolism	Indole	HMDB00682	CID10258	C8H7NO4S	213.00958	BXFFHSIDQOFMLE-UHFFFAOYSA-N	InChI=1S/C8H7NO4S/c10-14(11,12)13-8-5-9-7-4-2-1-3-6(7)8/h1-5,9H,(H,10,11,12)	M212T3	212.002528401482	153.089887539157	[263][M]-	[M+Cl]- 177.04	25	134	@M213.0059T2.55|-13C|@M213.9984T2.55|-34S|-41K|-37Cl
tetradecanoic acid	hilic	Myristic acid;Tetradecanoic acid	CHEBI:28875	2	a,b	C06424	Lipid metabolism	Fatty acids	Straight chain	HMDB00806	CID11005	C14H28O2	228.20893	TUNFSRHWOTWDNC-UHFFFAOYSA-N	InChI=1S/C14H28O2/c1-2-3-4-5-6-7-8-9-10-11-12-13-14(15)16/h2-13H2,1H3,(H,15,16)	M227T1	227.201933585086	79.7765646868255	[294][M]-	[M-H-C6H10O4]- 374.275	5	150	@M228.2051T1.33|-13C
muramic acid	hilic	Muramic acid	CHEBI:28118	2	a,b	C06470	Carbohydrate metabolism	Amino sugar and nucleotide sugar matabolism	Others	HMDB03254	CID441038	C9H17NO7	251.1005	MSFSPUZXLOGKHJ-PGYHGBPZSA-N	InChI=1S/C9H17NO7/c1-3(8(13)14)16-7-5(10)9(15)17-4(2-11)6(7)12/h3-7,9,11-12,15H,2,10H2,1H3,(H,13,14)/t3-,4-,5-,6-,7-,9?/m1/s1	M250T8.1	250.093513901693	468.601223466228	[340][M]-		2	169	@M430.1571T7.81|-(C6H10O5)-(H2O)
elaidic acid	hilic	Elaidic acid|trans-Vaccenic acid;trans-11-Octadecenoic acid	CHEBI:27997|CHEBI:50464	2	a,b	C01712|C08367	Lipid metabolism	Fatty acids	Monoinsaturated	HMDB00573	CID637517|CID5281127	C18H34O2	282.2559	ZQPPMHVWECSIRJ-MDZDMXLPSA-N|UWHZIFQPPBDJPM-BQYQJAHWSA-N	InChI=1S/C18H34O2/c1-2-3-4-5-6-7-8-9-10-11-12-13-14-15-16-17-18(19)20/h9-10H,2-8,11-17H2,1H3,(H,19,20)/b10-9+|InChI=1S/C18H34O2/c1-2-3-4-5-6-7-8-9-10-11-12-13-14-15-16-17-18(19)20/h7-8H,2-6,9-17H2,1H3,(H,19,20)/b8-7+	M281T1	281.248840722333	77.8957336862533	[397][M+2]-		5	205	@M282.2522T1.3|-13C
xanthosine	hilic	Xanthosine	CHEBI:18107	2	a,b	C01762	Nucleotide metabolism	Purine metabolism	Inosine and Xanthine	HMDB00299	CID64959	C10H12N4O6	284.07568	UBORTCNDUKBEOP-UUOKFMHZSA-N	InChI=1S/C10H12N4O6/c15-1-3-5(16)6(17)9(20-3)14-2-11-4-7(14)12-10(19)13-8(4)18/h2-3,5-6,9,15-17H,1H2,(H2,12,13,18,19)/t3-,5-,6-,9-/m1/s1	M283T7.1	283.06877687726	395.347067276273			620	207	@M284.072T6.59|-13C|@M285.0728T6.58|-18O|-13C2|@M319.0455T6.59|-(HCl)
all-cis-5,8,11,14,17-icosapentaenoic acid	hilic	cis-5,8,11,14,17-Eicosapentaenoic acid;Eicosapentaenoic acid	CHEBI:28364	2	a,b	C06428	Lipid metabolism	Fatty acids	Polyinsaturated	HMDB01999	CID446284	C20H30O2	302.22458	JAZBEHYOTPTENJ-JLNKQSITSA-N	InChI=1S/C20H30O2/c1-2-3-4-5-6-7-8-9-10-11-12-13-14-15-16-17-18-19-20(21)22/h3-4,6-7,9-10,12-13,15-16H,2,5,8,11,14,17-19H2,1H3,(H,21,22)/b4-3-,7-6-,10-9-,13-12-,16-15-	M301T1.5	301.217598520448	77.775648944401	[450][M]-	[M-2H+Na]- 280.241	5	224	@M302.2206T1.3|-13C
uridine 5'-monophosphate	hilic	UMP;Uridine monophosphate;5'-Uridylic acid;Uridine 5'-monophosphate	CHEBI:16695	2	a,b	C00105	Nucleotide metabolism	Pyrimidine metabolism	Uridine	HMDB00288	CID6030	C9H13N2O9P	324.03587	DJJCXFVJDGTHFX-XVFCMESISA-N	InChI=1S/C9H13N2O9P/c12-5-1-2-11(9(15)10-5)8-7(14)6(13)4(20-8)3-19-21(16,17)18/h1-2,4,6-8,13-14H,3H2,(H,10,12,15)(H2,16,17,18)/t4-,6-,7-,8-/m1/s1	M323T9.2	323.029105734998	549.36151700389			554	248	@M421.0062T9.15|-(H3PO4)
N-glycoloyl-beta-neuraminic acid	hilic	N-Glycolylneuraminic acid	CHEBI:62084	2	a,b	C03410	Carbohydrate metabolism	Amino sugar and nucleotide sugar matabolism	Others	HMDB00833	CID123802	C11H19NO10	325.1009	FDJKUWYYUZCUJX-AJKRCSPLSA-N	InChI=1S/C11H19NO10/c13-2-5(16)8(18)9-7(12-6(17)3-14)4(15)1-11(21,22-9)10(19)20/h4-5,7-9,13-16,18,21H,1-3H2,(H,12,17)(H,19,20)/t4-,5+,7+,8+,9+,11-/m0/s1	M324T8.1	324.094047648321	507.45529892591	[498][M]-		15	249	@M325.0973T8.46|-13C
adenosine 5'-monophosphate	hilic	5'-AMP;5'-Adenosine monophosphate;Adenosine 5'-monophosphate|3'-AMP;Adenosine monophosphate;3'-Adenylic acid;3'-Adenosine monophosphate,|dGMP;Deoxyguanylic acid;2'-Deoxyguanosine 5'-monophosphate;Deoxyguanosine monophosphate	CHEBI:16027|CHEBI:28931|CHEBI:16192	2	a,b	C00020|C01367|C00362	Nucleotide metabolism	Purine metabolism	Adenine|Guanine	HMDB00045|HMDB03540|HMDB01044	CID6083|CID41211|CID65059	C10H14N5O7P	347.0631	UDMBCSSLTHHNCD-KQYNXXCUSA-N|LNQVTSROQXJCDD-KQYNXXCUSA-N|LTFMZDNNPPEQNG-KVQBGUIXSA-N	InChI=1S/C10H14N5O7P/c11-8-5-9(13-2-12-8)15(3-14-5)10-7(17)6(16)4(22-10)1-21-23(18,19)20/h2-4,6-7,10,16-17H,1H2,(H2,11,12,13)(H2,18,19,20)/t4-,6-,7-,10-/m1/s1|InChI=1S/C10H14N5O7P/c11-8-5-9(13-2-12-8)15(3-14-5)10-6(17)7(4(1-16)21-10)22-23(18,19)20/h2-4,6-7,10,16-17H,1H2,(H2,11,12,13)(H2,18,19,20)/t4-,6-,7-,10-/m1/s1|InChI=1S/C10H14N5O7P/c11-10-13-8-7(9(17)14-10)12-3-15(8)6-1-4(16)5(22-6)2-21-23(18,19)20/h3-6,16H,1-2H2,(H2,18,19,20)(H3,11,13,14,17)/t4-,5+,6+/m0/s1	M346T8	346.056189252168	488.380565690673	[534][M]-		15	268	@M347.0596T8.14|-13C|@M526.1196T8.12|-(C6H10O5)-(H2O)
alpha-maltotriose	hilic	Maltotriose;Amylotriose|Raffinose;Melitose;D-Raffinose	CHEBI:27931|CHEBI:397485	2	a,b	C01835|C00492	Carbohydrate metabolism	Carbohydrate digestion and absorption|Galactose metabolism	Others|Sucrose	HMDB01262|HMDB03213	CID439586|CID439242	C18H32O16	504.169	FYGDTMLNYKFZSV-DZOUCCHMSA-N|MUPFEKGTMRGPLJ-ZQSKZDJDSA-N	InChI=1S/C18H32O16/c19-1-4-7(22)8(23)12(27)17(31-4)34-15-6(3-21)32-18(13(28)10(15)25)33-14-5(2-20)30-16(29)11(26)9(14)24/h4-29H,1-3H2/t4-,5-,6-,7-,8+,9-,10-,11-,12-,13-,14-,15-,16?,17-,18-/m1/s1|InChI=1S/C18H32O16/c19-1-5-8(22)11(25)13(27)16(31-5)30-3-7-9(23)12(26)14(28)17(32-7)34-18(4-21)15(29)10(24)6(2-20)33-18/h5-17,19-29H,1-4H2/t5-,6-,7-,8+,9-,10-,11+,12+,13-,14-,15+,16+,17-,18+/m1/s1	M503T10	503.162901967103	577.961129523222	[711][M]-	[M-H]- 504.171	17	293	@M383.1202T9.64|+(C4H8O4)|@M425.131T9.64|+(C2H6O3)|@M443.1415T9.64|+(CH3COOH)|+(C2H4O2)|+CH3COOH|@M505.1678T9.63|-18O|-13C2|@M506.1704T9.63|-13C3|-13C-18O|@M539.1393T9.64|-(HCl)|@M564.1788T9.63|-(NH3)-(CO2)
deoxycholic acid	hilic	Deoxycholic acid|Ursodeoxycholic acid	CHEBI:28834|CHEBI:9907	2	a,b	C04483|C07880	Lipid metabolism	Other bile acids	Others	HMDB00626|HMDB00946	CID222528|CID31401	C24H40O4	392.2927	KXGVEGMKQFWNSR-LLQZFEROSA-N|RUDATBOHQWOJDD-UZVSRGJWSA-N	InChI=1S/C24H40O4/c1-14(4-9-22(27)28)18-7-8-19-17-6-5-15-12-16(25)10-11-23(15,2)20(17)13-21(26)24(18,19)3/h14-21,25-26H,4-13H2,1-3H3,(H,27,28)/t14-,15-,16-,17+,18-,19+,20+,21+,23+,24-/m1/s1|InChI=1S/C24H40O4/c1-14(4-7-21(27)28)17-5-6-18-22-19(9-11-24(17,18)3)23(2)10-8-16(25)12-15(23)13-20(22)26/h14-20,22,25-26H,4-13H2,1-3H3,(H,27,28)/t14-,15+,16-,17-,18+,19+,20+,22+,23+,24-/m1/s1	M391T1.2	391.286100294551	89.0801111535303		[M-H]- 392.286	11	304	@M392.2895T1.48|-13C|@M393.2922T1.49|-18O|-13C2
FMN	hilic	Riboflavin 5'-monophosphate;Riboflavin 5'-phosphate;Riboflavin-5-phosphate,Flavin mononucleotide;FMN	CHEBI:17621	2	a,b	C00061	Metabolism of cofactors and vitamins	Riboflavin metabolism	Riboflavin	HMDB01520	CID643976	C17H21N4O9P	456.10461	FVTCRASFADXXNN-SCRDCRAPSA-N	InChI=1S/C17H21N4O9P/c1-7-3-9-10(4-8(7)2)21(15-13(18-9)16(25)20-17(26)19-15)5-11(22)14(24)12(23)6-30-31(27,28)29/h3-4,11-12,14,22-24H,5-6H2,1-2H3,(H,20,25,26)(H2,27,28,29)/t11-,12+,14-/m0/s1	M455T7	455.098048064415	397.448164496572	[671][M]-	[M-H-COCH2]- 498.124	7	338	@M456.1017T6.62|-13C
taurocholic acid	hilic	Taurocholic acid;Taurocholate;Cholic acid taurine conjugate;Choloyl-taurine;Cholyltaurine;N-Choloyltaurine	CHEBI:28865	2	a,b	C05122	Lipid metabolism|Metabolism of other amino acids	Primary bile acid biosynthesis|Taurine and Hypotaurine metabolism	Cholate|Taurine	HMDB00036	CID6675	C26H45NO7S	515.29167	WBWWGRHZICKQGZ-HZAMXZRMSA-N	InChI=1S/C26H45NO7S/c1-15(4-7-23(31)27-10-11-35(32,33)34)18-5-6-19-24-20(14-22(30)26(18,19)3)25(2)9-8-17(28)12-16(25)13-21(24)29/h15-22,24,28-30H,4-14H2,1-3H3,(H,27,31)(H,32,33,34)/t15-,16+,17-,18-,19+,20+,21-,22+,24+,25+,26-/m1/s1	M514T1	514.285104614534	89.2392645804947	[718][M]-		11	358	@M496.2752T1.4|+(H2O)|@M497.2782T1.41|+(OH.)|@M512.2693T1.44|+(H2)|@M515.2885T1.49|-13C|@M516.2923T1.49|-18O|-13C2|@M517.283T1.49|-13C-37Cl|-13C-34S|@M517.2968T1.49|-13C3|-13C-18O
ATP	hilic	ATP;Adenosine 5'- triphosphate;Adenosine triphosphate	CHEBI:15422	2	a,b	C00002	Nucleotide metabolism	Purine metabolism	Adenine|Adenine Sufate	HMDB00538	CID5957	C10H16N5O13P3	506.99574	ZKHQWZAMYRWXGA-KQYNXXCUSA-N	InChI=1S/C10H16N5O13P3/c11-8-5-9(13-2-12-8)15(3-14-5)10-7(17)6(16)4(26-10)1-25-30(21,22)28-31(23,24)27-29(18,19)20/h2-4,6-7,10,16-17H,1H2,(H,21,22)(H,23,24)(H2,11,12,13)(H2,18,19,20)/t4-,6-,7-,10-/m1/s1	M506T9	505.988848040375	558.813193652397		[M+Cl]- 471.017	19	368	@M603.966T9.3|-(H3PO4)
GDP-alpha-D-mannose	hilic	Guanosine 5'-diphosphoglucose;GDP-glucose;guanosine diphosphate glucose|Guanosine 5'-diphospho-D-mannose;GDP-Mannose;Guanosine diphosphate mannose	CHEBI:15820	2	a,b	C00394|C00096	Carbohydrate metabolism	Amino sugar and nucleotide sugar matabolism|Fructose and Mannose metabolism	GDP sugar|Mannose	HMDB03351|HMDB01163	CID644106|CID18396	C16H25N5O16P2	605.0771	MVMSCBBUIHUTGJ-LRJDVEEWSA-N|MVMSCBBUIHUTGJ-GDJBGNAASA-N	InChI=1S/C16H25N5O16P2/c17-16-19-12-6(13(28)20-16)18-3-21(12)14-10(26)8(24)5(34-14)2-33-38(29,30)37-39(31,32)36-15-11(27)9(25)7(23)4(1-22)35-15/h3-5,7-11,14-15,22-27H,1-2H2,(H,29,30)(H,31,32)(H3,17,19,20,28)/t4-,5-,7-,8-,9+,10-,11-,14-,15-/m1/s1|InChI=1S/C16H25N5O16P2/c17-16-19-12-6(13(28)20-16)18-3-21(12)14-10(26)8(24)5(34-14)2-33-38(29,30)37-39(31,32)36-15-11(27)9(25)7(23)4(1-22)35-15/h3-5,7-11,14-15,22-27H,1-2H2,(H,29,30)(H,31,32)(H3,17,19,20,28)/t4-,5-,7-,8-,9+,10-,11+,14-,15-/m1/s1	M604T10	604.070937677087	627.587817476292	[783][M]-	[M-H]- 605.08	26	415	@M605.0746T10.46|-13C
glutathione disulfide	hilic	L-Glutathione oxidized;GSSG	CHEBI:17858	2	a,b	C00127	Metabolism of other amino acids	Glutathione metabolism	Glutathione disulfide	HMDB03337	CID65359	C20H32N6O12S2	612.15196	YPZRWBKMTBYPTK-BJDJZHNGSA-N	InChI=1S/C20H32N6O12S2/c21-9(19(35)36)1-3-13(27)25-11(17(33)23-5-15(29)30)7-39-40-8-12(18(34)24-6-16(31)32)26-14(28)4-2-10(22)20(37)38/h9-12H,1-8,21-22H2,(H,23,33)(H,24,34)(H,25,27)(H,26,28)(H,29,30)(H,31,32)(H,35,36)(H,37,38)/t9-,10-,11-,12-/m0/s1	M611T10	611.145758122687	596.445039482887	[788][M]-	[2M-H]- 306.074	27	420	@M612.1489T9.94|-13C|@M613.1396T9.94|-34S|-41K|-37Cl|@M614.1433T9.94|-13C-37Cl|-13C-34S
glycolic acid	hilic	Glycolic acid	CHEBI:17497	2	a,b	C00160	Carbohydrate metabolism	Glyoxylate and dicarboxylate metabolism	Glyoxylate	HMDB00115	CID757	C2H4O3	76.01604	AEMRFAOFKBGASW-UHFFFAOYSA-N	InChI=1S/C2H4O3/c3-1-2(4)5/h3H,1H2,(H,4,5)	M75T5	75.0087607834253	320.866879352696			9	NA	
tiglic acid	hilic	Tiglic acid;(E)-2,3-Dimethylacrylic acid	CHEBI:9592	2	a,b	C08279				HMDB01470	CID125468	C5H8O2	100.05243	UIERETOOQGIECD-ONEGZZNKSA-N	InChI=1S/C5H8O2/c1-3-4(2)5(6)7/h3H,1-2H3,(H,6,7)/b4-3+	M99T2.3	99.0452412680434	137.417726177128			18	NA	
creatinine	hilic	Creatinine	CHEBI:16737	2	a,b	C00791	Amino acid metabolism	Aginine and Proline metabolism	Arginine	HMD00562	CID588	C4H7N3O	113.05891	DDRJAANPRJIHGJ-UHFFFAOYSA-N	InChI=1S/C4H7N3O/c1-7-2-3(8)6-4(7)5/h2H2,1H3,(H2,5,6,8)	M112T3.1	112.051743641738	200.957408266457		[M-H-C6H10O5]- 275.115	8	NA	
2-oxopentanoic acid	hilic	2-Oxovaleric acid;2-Oxopentanoic acid;2-Ketopentanoic acid;α-Ketovaleric acid	CHEBI:33033	2	a,b	C06255				HMDB01865	CID74563	C5H8O3	116.04734	KDVFRMMRZOCFLS-UHFFFAOYSA-N	InChI=1S/C5H8O3/c1-2-3-4(6)5(7)8/h2-3H2,1H3,(H,7,8)	M115T3	115.040154339709	175.275468421378		[M-H-C2H4]- 144.082	22	NA	
N-acetylglycine	hilic	N-Acetylglycine;Aceturic acid	CHEBI:40410	2	a,b		Amino acid metabolism	Glycine, Serine and Threonine	Glycine	HMDB00532	CID10972	C4H7NO3	117.04259	OKJIRPAQVSHGFK-UHFFFAOYSA-N	InChI=1S/C4H7NO3/c1-3(6)5-2-4(7)8/h2H2,1H3,(H,5,6)(H,7,8)	M116T5	116.035370680187	270.689894341092			1003	NA	
L-threonine	hilic	L-Threonine;Threonine|L-Homoserine|D-allo-Threonine	CHEBI:16857|CHEBI:15699|CHEBI:28718	2	a,b	C00188|C00263|C12317	Amino acid metabolism	Glycine, Serine and Threonine	Serine|Threonine	HMDB00167|HMDB00719	CID6288|CID12647|CID90624	C4H9NO3	119.0582	AYFVYJQAPQTCCC-GBXIJSLDSA-N|UKAUYVFTDYCKQA-VKHMYHEASA-N|AYFVYJQAPQTCCC-PWNYCUMCSA-N	InChI=1S/C4H9NO3/c1-2(6)3(5)4(7)8/h2-3,6H,5H2,1H3,(H,7,8)/t2-,3+/m1/s1|InChI=1S/C4H9NO3/c5-3(1-2-6)4(7)8/h3,6H,1-2,5H2,(H,7,8)/t3-/m0/s1|InChI=1S/C4H9NO3/c1-2(6)3(5)4(7)8/h2-3,6H,5H2,1H3,(H,7,8)/t2-,3-/m1/s1	M118T7.1	118.051127186649	422.898593627732	[70][M]-		3	NA	
nicotinic acid	hilic	Nicotinic acid;Niacin|Picolinic acid;2-Pyridinecarboxylic acid	CHEBI:15940|CHEBI:28747	2	a,b	C00253|C10164	Amino acid metabolism|Metabolism of cofactors and vitamins	Tryptophan metabolism|Nicotinate and Nicotinamide metabolism	Kynurenine|Deamino-NAD+	HMDB01488|HMDB02243	CID938|CID1018	C6H5NO2	123.032	PVNIIMVLHYAWGP-UHFFFAOYSA-N|SIOXPEMLGUPBBT-UHFFFAOYSA-N	InChI=1S/C6H5NO2/c8-6(9)5-2-1-3-7-4-5/h1-4H,(H,8,9)|InChI=1S/C6H5NO2/c8-6(9)5-3-1-2-4-7-5/h1-4H,(H,8,9)	M122T3	122.024861523243	156.945100612553			22	NA	
taurine	hilic	Taurine;2-Aminoethanesulfonic acid	CHEBI:15891	2	a,b	C00245	Lipid metabolism|Metabolism of other amino acids	Primary bile acid biosynthesis|Taurine and Hypotaurine metabolism	Chenodeoxycholate|Cholate|Taurine	HMDB00251	CID1123	C2H7NO3S	125.01466	XOAAWQZATWQOTB-UHFFFAOYSA-N	InChI=1S/C2H7NO3S/c3-1-2-7(4,5)6/h1-3H2,(H,4,5,6)	M124T8.1	124.007466784848	453.227411275697		[M-2H]2- 250.03	3	NA	
imidazol-4-ylacetic acid	hilic	Imidazoleacetic acid	CHEBI:16974	2	a,b	NA	Amino acid metabolism	Histidine metabolism	Histamine	NA	NA	C5H6N2O2	126.04293	NA	NA	M125T6	125.035693745197	339.380286043595		[M-H-CH2]- 140.068	4	NA	
(E)-glutaconic acid	hilic	Glutaconic acid;trans-Glutaconic acid|Citraconic acid|Itaconic acid;Methylenesuccinic acid|Mesaconic acid;Citraconic acid;2-Methylfumaric acid	CHEBI:15670|CHEBI:17626|CHEBI:30838|CHEBI:16600	2	a,b	C02214|C02226|C00490|C01732	Amino acid metabolism|Carbohydrate metabolism|Lipid metabolism	Glycine, Serine and Threonine|Glyoxylate and dicarboxylate metabolism|Fatty acids	Threonine|Others|Dicarboxylic	HMDB00620|HMDB00634|HMDB02092|HMDB00749	CID5280498|CID643798|CID811|CID638129	C5H6O4	130.0266	XVOUMQNXTGKGMA-OWOJBTEDSA-N|HNEGQIOMVPPMNR-IHWYPQMZSA-N|LVHBHZANLOWSRM-UHFFFAOYSA-N|HNEGQIOMVPPMNR-NSCUHMNNSA-N	InChI=1S/C5H6O4/c6-4(7)2-1-3-5(8)9/h1-2H,3H2,(H,6,7)(H,8,9)/b2-1+|InChI=1S/C5H6O4/c1-3(5(8)9)2-4(6)7/h2H,1H3,(H,6,7)(H,8,9)/b3-2-|InChI=1S/C5H6O4/c1-3(5(8)9)2-4(6)7/h1-2H2,(H,6,7)(H,8,9)|InChI=1S/C5H6O4/c1-3(5(8)9)2-4(6)7/h2H,1H3,(H,6,7)(H,8,9)/b3-2+	M129T9	129.019458622146	528.950831242808		[M-3H]3- 390.087	748	NA	
2-oxohexanoic acid	hilic	2-Oxohexanoic acid;α-Ketocaproic acid;2-Ketocaproic acid;2-Ketohexanoic acid|4-Methyl-2-oxovaleric acid;Ketoleucine;4-methyl-2-oxopentanoic acid|3-Methyl-2-oxovaleric acid	CHEBI:17308|CHEBI:48430|CHEBI:35932	2	a,b	C00902|C00233|C03465	Amino acid metabolism	Valine, Leucine and Isoleucine biosynthesis|Valine, Leucine and Isoleucine degradation	Leucine|Others	HMDB01864|HMDB00695|HMDB00491	CID159664|CID70|CID47	C6H10O3	130.063	XNIHZNNZJHYHLC-UHFFFAOYSA-N|BKAJNAXTPSGJCU-UHFFFAOYSA-N|JVQYSWDUAOAHFM-UHFFFAOYSA-N	InChI=1S/C6H10O3/c1-2-3-4-5(7)6(8)9/h2-4H2,1H3,(H,8,9)|InChI=1S/C6H10O3/c1-4(2)3-5(7)6(8)9/h4H,3H2,1-2H3,(H,8,9)|InChI=1S/C6H10O3/c1-3-4(2)5(7)6(8)9/h4H,3H2,1-2H3,(H,8,9)	M129T2.1	129.055824480242	94.8254518494035		[M-H]- 130.06	45	NA	
creatine	hilic	Creatine	CHEBI:16919	2	a,b	C00300	Amino acid metabolism	Aginine and Proline metabolism|Glycine, Serine and Threonine	Arginine|Glycine	HMDB00064	CID586	C4H9N3O2	131.06948	CVSVTCORWBXHQV-UHFFFAOYSA-N	InChI=1S/C4H9N3O2/c1-7(4(5)6)2-3(8)9/h2H2,1H3,(H3,5,6)(H,8,9)	M130T8.22	130.062236381461	476.536374630885		[M-H+NH3]- 114.037	2	NA	
L-asparagine	hilic	L-Asparagine;Asparagine	CHEBI:17196	2	a,b	C00152	Amino acid metabolism	Alanine, Aspartate and Glutamate	Aspartate	HMDB00168	CID6267	C4H8N2O3	132.05349	DCXYFEDJOCDNAF-REOHCLBHSA-N	InChI=1S/C4H8N2O3/c5-2(4(8)9)1-3(6)7/h2H,1,5H2,(H2,6,7)(H,8,9)/t2-/m0/s1	M131T8.14	131.046232312017	469.498620816017			132	NA	
L-aspartic acid	hilic	L-Aspartic acid	CHEBI:17053	2	a,b	C00049	Amino acid metabolism|Metabolism of cofactors and vitamins|Metabolism of other amino acids	Aginine biosynthesis|Alanine, Aspartate and Glutamate|Histidine metabolism|Pantothenate and CoA biosynthesis|beta-Alanine metabolism	Urea cylcle|Aspartate|beta-Alanine	HMDB00191	CID5960	C4H7NO4	133.03751	CKLJMWTZIZZHCS-REOHCLBHSA-N	InChI=1S/C4H7NO4/c5-2(4(8)9)1-3(6)7/h2H,1,5H2,(H,6,7)(H,8,9)/t2-/m0/s1	M132T9	132.030356670419	524.973295869489		[M-H-CH2]- 147.056	16	NA	
salicylamide	hilic	Salicylamide	CHEBI:32114	2	a,b					HMDB15687	CID5147	C7H7NO2	137.04768	SKZKKFZAGNVIMN-UHFFFAOYSA-N	InChI=1S/C7H7NO2/c8-7(10)5-3-1-2-4-6(5)9/h1-4,9H,(H2,8,10)	M136T3.2	136.040464345432	158.539801996787		[M-H-C2H4]- 165.078	22	NA	
salicylic acid	hilic	Salicylic acid	CHEBI:16914	2	a,b	C00805	Amino acid metabolism	Phenylalanine metabolism	Other	HMDB01895	CID338	C7H6O3	138.03169	YGSDEFSMJLZEOE-UHFFFAOYSA-N	InChI=1S/C7H6O3/c8-6-4-2-1-3-5(6)7(9)10/h1-4,8H,(H,9,10)	M137T2	137.024487215104	100.822966309255		[M-H]- 138.028	37	NA	
4-nitrophenol	hilic	4-Nitrophenol|3-Hydroxypicolinic acid	CHEBI:16836|CHEBI:64342	2	a,b	C00870|C18620				HMDB01232|HMD13188	CID980|CID13401	C6H5NO3	139.0269	BTJIUGUIPKRLHP-UHFFFAOYSA-N|BRARRAHGNDUELT-UHFFFAOYSA-N	InChI=1S/C6H5NO3/c8-6-3-1-5(2-4-6)7(9)10/h1-4,8H|InChI=1S/C6H5NO3/c8-4-2-1-3-7-5(4)6(9)10/h1-3,8H,(H,9,10)	M138T2.1	138.019764257571	106.409501888353			2249	NA	
adipic acid	hilic	2,2-Dimethylsuccinic acid|Adipic acid|3-Methylglutaric acid;β-methylglutaric acid	CHEBI:30832	2	a,b	C06104	Amino acid metabolism|Lipid metabolism	Valine, Leucine and Isoleucine degradation|Fatty acids	Others|Dicarboxylic	HMDB02074|HMDB00448|HMDB00752	CID11701|CID196|CID12284	C6H10O4	146.0579	GOHPTLYPQCTZSE-UHFFFAOYSA-N|WNLRTRBMVRJNCN-UHFFFAOYSA-N|XJMMNTGIMDZPMU-UHFFFAOYSA-N	InChI=1S/C6H10O4/c1-6(2,5(9)10)3-4(7)8/h3H2,1-2H3,(H,7,8)(H,9,10)|InChI=1S/C6H10O4/c7-5(8)3-1-2-4-6(9)10/h1-4H2,(H,7,8)(H,9,10)|InChI=1S/C6H10O4/c1-4(2-5(7)8)3-6(9)10/h4H,2-3H2,1H3,(H,7,8)(H,9,10)	M145T8.1	145.050657915095	498.090114394735			15	NA	
L-methionine	hilic	L-Methionine;Methionine|S-Ethyl-L-cysteine	CHEBI:16643	2	a,b	C00073	Amino acid metabolism|Metabolism of other amino acids	Cysteine and Methionine|Glutathione metabolism	Methionine|Others|R-S-Glutathione	HMDB00696	CID6137|CID92185	C5H11NO2S	149.0511	FFEARJCKVFRZRR-BYPYZUCNSA-N|ULXKXLZEOGLCRJ-BYPYZUCNSA-N	InChI=1S/C5H11NO2S/c1-9-3-2-4(6)5(7)8/h4H,2-3,6H2,1H3,(H,7,8)/t4-/m0/s1|InChI=1S/C5H11NO2S/c1-2-9-3-4(6)5(7)8/h4H,2-3,6H2,1H3,(H,7,8)/t4-/m0/s1	M148T4.1	148.043799496515	234.790007717446	[121][M]-		8	NA	
L-arabinopyranose	hilic	L-(+)-Arabinose;L-Arabinopyranose|D-Xylulose	CHEBI:17535|CHEBI:17140	2	a,b	C00259|C00310	Carbohydrate metabolism	Pentose and Glucuronate interconversions	Xylose	HMDB00646|HMDB01644	CID439195|CID5289590	C5H10O5	150.0528	SRBFZHDQGSBBOR-HWQSCIPKSA-N|ZAQJHHRNXZUBTE-WUJLRWPWSA-N	InChI=1S/C5H10O5/c6-2-1-10-5(9)4(8)3(2)7/h2-9H,1H2/t2-,3-,4+,5?/m0/s1|InChI=1S/C5H10O5/c6-1-3(8)5(10)4(9)2-7/h3,5-8,10H,1-2H2/t3-,5+/m1/s1	M149T7	149.045574564665	396.874437420647		[M-H-COCH2]- 192.071	7	NA	
3-phenylpropionic acid	hilic	Hydrocinnamic acid;3-Phenylpropanoic acid;3-phenylpropionic acid	CHEBI:28631	2	a,b	C05629	Amino acid metabolism	Phenylalanine metabolism	Other	HMDB00764	CID107	C9H10O2	150.06808	XMIIGOLPHOKFCH-UHFFFAOYSA-N	InChI=1S/C9H10O2/c10-9(11)7-6-8-4-2-1-3-5-8/h1-5H,6-7H2,(H,10,11)	M149T2.2	149.060840485153	93.8661156175115		[M-H-C4H8]- 206.125	45	NA	
3-(imidazol-5-yl)lactic acid	hilic	L-β-Imidazolelactic acid	CHEBI:27487	2	a,b	C03817	Amino acid metabolism	Histidine metabolism	Imidazole		CID440129	C6H8N2O3	156.05349	ACZFBYCNAVEFLC-YFKPBYRVSA-N	InChI=1S/C6H8N2O3/c9-5(6(10)11)1-4-2-7-3-8-4/h2-3,5,9H,1H2,(H,7,8)(H,10,11)/t5-/m0/s1	M155T5.1	155.046307005015	317.239206620739	[132][M]-	[M+Cl+NH3]- 103.061 [M-H]- 156.052	9	NA	
indole-3-carboxylic acid	hilic	Indole-3-carboxylic acid|2,4-Quinolinediol	CHEBI:24809	2	a,b	C19837|C16716	Amino acid metabolism	Tryptophan metabolism	Other	HMDB03320	CID69867|CID54680871	C9H7NO2	161.0477	KMAKOBLIOCQGJP-UHFFFAOYSA-N|HDHQZCHIXUUSMK-UHFFFAOYSA-N	InChI=1S/C9H7NO2/c11-9(12)7-5-10-8-4-2-1-3-6(7)8/h1-5,10H,(H,11,12)|InChI=1S/C9H7NO2/c11-8-5-9(12)10-7-4-2-1-3-6(7)8/h1-5H,(H2,10,11,12)	M160T3.1	160.040362308493	209.433978273752		[M-H]- 161.052	8	NA	
keto-phenylpyruvic acid	hilic	Phenylpyruvic acid|m-Coumaric acid;trans-3-Hydroxycinnamic acid;m-Hydroxycinnamic acid|o-Tyrosine|Homoisovanillic acid;3-Hydroxy-4-methoxyphenylacetic acid	CHEBI:30851|CHEBI:32357|CHEBI:278475|CHEBI:823536	2	a,b	C00166|C12621	Amino acid metabolism	Phenylalanine metabolism|Phenylalanine, Tyrosine and Tryptophan biosynthesis	Phenylalanine	HMDB00205|HMDB01713|HMDB06050|HMDB00333	CID997|CID637541|CID91482|CID160562	C9H8O3|C9H11NO3|C9H10O4	164.0473|181.0739|182.0579	BTNMPGBKDVTSJY-UHFFFAOYSA-N|KKSDGJDHHZEWEP-SNAWJCMRSA-N|WRFPVMFCRNYQNR-UHFFFAOYSA-N|BWXLCOBSWMQCGP-UHFFFAOYSA-N	InChI=1S/C9H8O3/c10-8(9(11)12)6-7-4-2-1-3-5-7/h1-5H,6H2,(H,11,12)|InChI=1S/C9H8O3/c10-8-3-1-2-7(6-8)4-5-9(11)12/h1-6,10H,(H,11,12)/b5-4+|InChI=1S/C9H11NO3/c10-7(9(12)13)5-6-3-1-2-4-8(6)11/h1-4,7,11H,5,10H2,(H,12,13)|InChI=1S/C9H10O4/c1-13-8-3-2-6(4-7(8)10)5-9(11)12/h2-4,10H,5H2,1H3,(H,11,12)	M163T2.2	163.040211919449	94.0685096507656		[M-H+HCOOH]- 118.047	45	NA	
7,9-dihydro-1H-purine-2,6,8(3H)-trione	hilic	Uric acid	CHEBI:17775	2	a,b	C00366	Nucleotide metabolism	Purine metabolism	Inosine and Xanthine	HMDB00289	CID1175	C5H4N4O3	168.02834	LEHOTFFKMJEONL-UHFFFAOYSA-N	InChI=1S/C5H4N4O3/c10-3-1-2(7-4(11)6-1)8-5(12)9-3/h(H4,6,7,8,9,10,11,12)	M167T7	167.021146440926	405.5949170751	[162][M]-	[M+Cl]- 132.048	43	NA	
pyridoxine	hilic	Pyridoxine;Vitamine B6	CHEBI:16709	2	a,b	C00314	Metabolism of cofactors and vitamins	Vitamine B6 metabolism	Pridoxine	HMDB00239	CID1054	C8H11NO3	169.07389	LXNHXLLTXMVWPM-UHFFFAOYSA-N	InChI=1S/C8H11NO3/c1-5-8(12)7(4-11)6(3-10)2-9-5/h2,10-12H,3-4H2,1H3	M168T3.2	168.066706958804	174.231433603729		[M+Cl]- 133.098	22	NA	
N(pros)-methyl-L-histidine	hilic	3-Methylhistidine	CHEBI:27596	2	a,b	C01152				HMDB00479	CID64969	C7H11N3O2	169.08513	JDHILDINMRGULE-LURJTMIESA-N	InChI=1S/C7H11N3O2/c1-10-4-9-3-5(10)2-6(8)7(11)12/h3-4,6H,2,8H2,1H3,(H,11,12)/t6-/m0/s1	M168T6.1	168.077968440769	332.547809266172			4	NA	
suberic acid	hilic	Suberic acid	CHEBI:9300	2	a,b	C08278	Lipid metabolism	Fatty acids	Dicarboxylic	HMDB00893	CID10457	C8H14O4	174.08921	TYFQFVWCELRYAO-UHFFFAOYSA-N	InChI=1S/C8H14O4/c9-7(10)5-3-1-2-4-6-8(11)12/h1-6H2,(H,9,10)(H,11,12)	M173T7.3	173.081954748418	432.474585163989			3	NA	
N-acetyl-L-aspartic acid	hilic	N-Acetyl-L-aspartic acid;N-Acetylaspartic acid	CHEBI:21547	2	a,b	C01042	Amino acid metabolism	Alanine, Aspartate and Glutamate	Aspartate	HMDB00812	CID65065	C6H9NO5	175.04807	OTCCIMWXFLJLIA-BYPYZUCNSA-N	InChI=1S/C6H9NO5/c1-3(8)7-4(6(11)12)2-5(9)10/h4H,2H2,1H3,(H,7,8)(H,9,10)(H,11,12)/t4-/m0/s1	M174T9	174.040891411243	515.179740957106		[M-H-CH2]- 189.057	1288	NA	
N-amidino-L-aspartic acid	hilic	Guanidinosuccinic acid	CHEBI:17072	2	a,b	C03139	Amino acid metabolism	Aginine biosynthesis|Alanine, Aspartate and Glutamate	Urea cylcle|Aspartate	HMDB03157	CID97856	C5H9N3O4	175.05931	VVHOUVWJCQOYGG-UHFFFAOYSA-N	InChI=1S/C5H9N3O4/c6-5(7)8-2(4(11)12)1-3(9)10/h2H,1H2,(H,9,10)(H,11,12)(H4,6,7,8)	M174T9.1	174.052077666095	538.008154176095			10	NA	
allantoic acid	hilic	Allantoic acid	CHEBI:30837	2	a,b	C00499	Nucleotide metabolism	Purine metabolism	Allantoin	HMDB01209	CID203	C4H8N4O4	176.05455	NUCLJNSWZCHRKL-UHFFFAOYSA-N	InChI=1S/C4H8N4O4/c5-3(11)7-1(2(9)10)8-4(6)12/h1H,(H,9,10)(H3,5,7,11)(H3,6,8,12)	M175T9.1	175.047340604922	515.692160371571		[M-H+NH3]- 159.038	1288	NA	
D-glucono-1,5-lactone	hilic	D-(+)-Gluconic acid δ-lactone;D-Glucono-1,5-lactone;gluconolactone	CHEBI:16217	2	a,b	C00198	Carbohydrate metabolism	Pentose Phosphate pathway	Pentose	HMDB00150	CID7027	C6H10O6	178.04774	PHOQVHQSTUBQQK-SQOUGZDYSA-N	InChI=1S/C6H10O6/c7-1-2-3(8)4(9)5(10)6(11)12-2/h2-5,7-10H,1H2/t2-,3-,4+,5-/m1/s1	M177T7	177.040503044847	396.063098452575		[M-H-CH2]- 192.071	7	NA	
4-oxo-4-(pyridin-3-yl)butanoic acid	hilic	3-succinoylpyridine;4-oxo-4-(pyridin-3-yl)butyric acid|Hippuric acid;N-benzoylglycine	CHEBI:66951|CHEBI:18089	2	a,b	C019569|C01586	Amino acid metabolism	Phenylalanine metabolism	Other	HMDB00992|HMDB00714	CID437|CID464	C9H9NO3	179.0582	JGSUNMCABQUBOY-UHFFFAOYSA-N|QIAFMBKCNZACKA-UHFFFAOYSA-N	InChI=1S/C9H9NO3/c11-8(3-4-9(12)13)7-2-1-5-10-6-7/h1-2,5-6H,3-4H2,(H,12,13)|InChI=1S/C9H9NO3/c11-8(12)6-10-9(13)7-4-2-1-3-5-7/h1-5H,6H2,(H,10,13)(H,11,12)	M178T2.1	178.05106463637	133.189159448253	[181][M]-	[M+Cl+NH3]- 126.049	18	NA	
N(6)-acetyl-L-lysine	hilic	N6-Acetyl-L-lysine	CHEBI:17752	2	a,b	C02727	Amino acid metabolism	Lysine degradation	Others	HMDB00206	CID92832	C8H16N2O3	188.11609	DTERQYGMUDWYAZ-ZETCQYMHSA-N	InChI=1S/C8H16N2O3/c1-6(11)10-5-3-2-4-7(9)8(12)13/h7H,2-5,9H2,1H3,(H,10,11)(H,12,13)/t7-/m0/s1	M187T6.3	187.108911590495	358.736667525551			4	NA	
(5-hydroxyindol-3-yl)acetic acid	hilic	5-Hydroxyindoleacetic acid;5-HIAA	CHEBI:27823	2	a,b	C05635	Amino acid metabolism	Tryptophan metabolism	Hydroxytryptophan	HMDB00763	CID1826	C10H9NO3	191.05824	DUUGKQCEGZLZNO-UHFFFAOYSA-N	InChI=1S/C10H9NO3/c12-7-1-2-9-8(4-7)6(5-11-9)3-10(13)14/h1-2,4-5,11-12H,3H2,(H,13,14)	M190T7	190.051052412182	403.644149341627			2408	NA	
ferulic acid	hilic	trans-Ferulic acid;Ferulic acid;4-Hydroxy-3-methoxycinnamic acid|Isoferulic acid;3-Hydroxy-4-methoxycinnamic acid	CHEBI:17620|CHEBI:493263	2	a,b	C01494|C10470				HMDB00954|HMDB00955	CID445858|CID736186	C10H10O4	194.0579	KSEBMYQBYZTDHS-HWKANZROSA-N|QURCVMIEKCOAJU-HWKANZROSA-N	InChI=1S/C10H10O4/c1-14-9-6-7(2-4-8(9)11)3-5-10(12)13/h2-6,11H,1H3,(H,12,13)/b5-3+|InChI=1S/C10H10O4/c1-14-9-4-2-7(6-8(9)11)3-5-10(12)13/h2-6,11H,1H3,(H,12,13)/b5-3+	M193T3	193.05076563965	159.567254046813			22	NA	
sebacic acid	hilic	Sebacic acid	CHEBI:41865	2	a,b	C08277	Lipid metabolism	Fatty acids	Dicarboxylic	HMDB00792	CID5192	C10H18O4	202.12051	CXMXRPHRNRROMY-UHFFFAOYSA-N	InChI=1S/C10H18O4/c11-9(12)7-5-3-1-2-4-6-8-10(13)14/h1-8H2,(H,11,12)(H,13,14)	M201T5	201.113306895807	296.651556980811			922	NA	
3-(indol-3-yl)lactic acid	hilic	Indolelactic acid;Indole-3-lactic acid|5-Methoxyindoleacetic acid	CHEBI:24813|CHEBI:235589	2	a,b	C02043|C05660	Amino acid metabolism	Tryptophan metabolism	Hydroxytryptophan|Tryptamine	HMDB00671|HMDB04096	CID92904|CID18986	C11H11NO3	205.0739	XGILAAMKEQUXLS-UHFFFAOYSA-N|COCNDHOPIHDTHK-UHFFFAOYSA-N	InChI=1S/C11H11NO3/c13-10(11(14)15)5-7-6-12-9-4-2-1-3-8(7)9/h1-4,6,10,12-13H,5H2,(H,14,15)|InChI=1S/C11H11NO3/c1-15-8-2-3-10-9(5-8)7(6-12-10)4-11(13)14/h2-3,5-6,12H,4H2,1H3,(H,13,14)	M204T3	204.066819423447	159.791497451427		[M-H+NH3]- 188.05 [M-H-H20]- 223.087	22	NA	
12-hydroxylauric acid	hilic	12-Hydroxydodecanoic acid|DL-β-Hydroxylauric acid;3-hydroxydodecanoic acid;3-hydroxylauric acid;β-Hydroxylauric acid	CHEBI:39567|CHEBI:36206	2	a,b	C08317	Lipid metabolism	Fatty acids	Hydroxy	HMDB02059|HMDB15187	CID79034|CID94216	C12H24O3	216.1725	ZDHCZVWCTKTBRY-UHFFFAOYSA-N|MUCMKTPAZLSKTL-UHFFFAOYSA-N	InChI=1S/C12H24O3/c13-11-9-7-5-3-1-2-4-6-8-10-12(14)15/h13H,1-11H2,(H,14,15)|InChI=1S/C12H24O3/c1-2-3-4-5-6-7-8-9-11(13)10-12(14)15/h11,13H,2-10H2,1H3,(H,14,15)	M215T1	215.165588461144	85.1328016045611			29	NA	
pantothenic acid	hilic	(+)-Pantothenic acid;Pantothenic acid;D-Pantothenic;Vitamin B5	CHEBI:7916	2	a,b	C00864	Metabolism of cofactors and vitamins	Pantothenate and CoA biosynthesis	CoA	HMDB00210	CID6613	C9H17NO5	219.11067	GHOKWGTUZJEAQD-ZETCQYMHSA-N	InChI=1S/C9H17NO5/c1-9(2,5-11)7(14)8(15)10-4-3-6(12)13/h7,11,14H,3-5H2,1-2H3,(H,10,15)(H,12,13)/t7-/m0/s1	M218T3.1	218.103541590132	206.6374564415		[M-H]- 219.112	8	NA	
L-cystine	hilic	L-Cystine	CHEBI:16283	2	a,b	C00491	Amino acid metabolism	Cysteine and Methionine	Cysteine	HMDB00192	CID67678	C6H12N2O4S2	240.02385	LEVWYRKDKASIDU-IMJSIDKUSA-N	InChI=1S/C6H12N2O4S2/c7-3(5(9)10)1-13-14-2-4(8)6(11)12/h3-4H,1-2,7-8H2,(H,9,10)(H,11,12)/t3-,4-/m0/s1	M239T9.1	239.016847129429	531.961395763066			10	NA	
uridine	hilic	Uridine	CHEBI:16704	2	a,b	C00299	Nucleotide metabolism	Pyrimidine metabolism	Uridine	HMD00296	CID6029	C9H12N2O6	244.06954	DRTQHJPVMGBUCF-XVFCMESISA-N	InChI=1S/C9H12N2O6/c12-3-4-6(14)7(15)8(17-4)11-2-1-5(13)10-9(11)16/h1-2,4,6-8,12,14-15H,3H2,(H,10,13,16)/t4-,6-,7-,8-/m1/s1	M243T4	243.062314255292	235.659154357908		[M-H]- 244.066	8	NA	
pyridoxamine 5'-phosphate	hilic	Pyridoxamine 5'-phosphate	CHEBI:18335	2	a,b	C00647	Metabolism of cofactors and vitamins	Vitamine B6 metabolism	Pridoxine	HMDB01555	CID1053	C8H13N2O5P	248.05621	ZMJGSOSNSPKHNH-UHFFFAOYSA-N	InChI=1S/C8H13N2O5P/c1-5-8(11)7(2-9)6(3-10-5)4-15-16(12,13)14/h3,11H,2,4,9H2,1H3,(H2,12,13,14)	M247T9	247.049312630511	535.274211059957	[331][M+3]-		10	NA	
2,3-bisphospho-D-glyceric acid	hilic	2,3-Diphospho-D-glyceric acid;2,3-Bisphospho-D-glyceric acid	CHEBI:17720	2	a,b	C01159	Carbohydrate metabolism	Glycolysis	Glycolysis	HMDB01294	CID186004	C3H8O10P2	265.95927	XOHUEYCVLUUEJJ-UWTATZPHSA-N	InChI=1S/C3H8O10P2/c4-3(5)2(13-15(9,10)11)1-12-14(6,7)8/h2H,1H2,(H,4,5)(H2,6,7,8)(H2,9,10,11)/t2-/m1/s1	M265T10	264.952326252766	594.503046795352		[M+Cl]- 229.983 [M-H]- 265.96	1884	NA	
(S)-naringenin	hilic	Naringenin;(S)-naringenin	CHEBI:17846	2	a,b	C00509	Biosynthesis of other secondary metabolites	Others	Others	HMDB02670	CID439246	C15H12O5	272.06847	FTVWIRXFELQLPI-ZDUSSCGKSA-N	InChI=1S/C15H12O5/c16-9-3-1-8(2-4-9)13-7-12(19)15-11(18)5-10(17)6-14(15)20-13/h1-6,13,16-18H,7H2/t13-/m0/s1	M271T2	271.06158255778	106.003873328657		[M+Cl]- 236.093	37	NA	
2-hydroxyhexadecanoic acid	hilic	2-Hydroxyhexadecanoic acid;2-Hydroxypalmitic acid	CHEBI:65101	2	a,b		Lipid metabolism	Fatty acids	Hydroxy	HMDB31057	CID92836	C16H32O3	272.23514	JGHSBPIZNUXPLA-UHFFFAOYSA-N	InChI=1S/C16H32O3/c1-2-3-4-5-6-7-8-9-10-11-12-13-14-15(17)16(18)19/h15,17H,2-14H2,1H3,(H,18,19)	M271T1.1	271.228062122664	80.5780478934226	[382][M]-	[M-H-C2H4]- 300.261	5	NA	
guanosine	hilic	Guanosine	CHEBI:16750	2	a,b	C00387	Nucleotide metabolism	Purine metabolism	Guanine	HMDB00133	CID6802	C10H13N5O5	283.09167	NYHBQMYGNKIUIF-UUOKFMHZSA-N	InChI=1S/C10H13N5O5/c11-10-13-7-4(8(19)14-10)12-2-15(7)9-6(18)5(17)3(1-16)20-9/h2-3,5-6,9,16-18H,1H2,(H3,11,13,14,19)/t3-,5-,6-,9-/m1/s1	M282T6	282.084749242544	373.048834272949	[405][M]-		364	NA	
(N(omega)-L-arginino)succinic acid	hilic	Argininosuccinic acid	CHEBI:15682	2	a,b	C03406	Amino acid metabolism	Aginine biosynthesis|Alanine, Aspartate and Glutamate	Urea cylcle|Aspartate	HMDB00052	CID16950	C10H18N4O6	290.12263	KDZOASGQNOPSCU-WDSKDSINSA-N	InChI=1S/C10H18N4O6/c11-5(8(17)18)2-1-3-13-10(12)14-6(9(19)20)4-7(15)16/h5-6H,1-4,11H2,(H,15,16)(H,17,18)(H,19,20)(H3,12,13,14)/t5-,6-/m0/s1	M289T9.3	289.115888559852	567.623741683345			1473	NA	
5'-S-methyl-5'-thioadenosine	hilic	5'-Methylthioadenosine;5'-Deoxy-5'-(methylthio)adenosine	CHEBI:17509	2	a,b	C00170	Amino acid metabolism	Cysteine and Methionine	Methionine	HMDB01173	CID439176	C11H15N5O3S	297.08956	WUUGFSXJNOTRMR-IOSLPCCCSA-N	InChI=1S/C11H15N5O3S/c1-20-2-5-7(17)8(18)11(19-5)16-4-15-6-9(12)13-3-14-10(6)16/h3-5,7-8,11,17-18H,2H2,1H3,(H2,12,13,14)/t5-,7-,8-,11-/m1/s1	M296T2	296.082592681074	113.615547113905			39	NA	
prostaglandin B2	hilic	Prostaglandin A2|Prostaglandin B2	CHEBI:28099	2	a,b	C05953|C05954	Lipid metabolism	Arachidonic metabolism	Prostaglandins	HMDB02752|HMDB04236	CID5280880|CID5280881	C20H30O4	334.2144	MYHXHCUNDDAEOZ-FOSBLDSVSA-N|PRFXRIUZNKLRHM-HKVRTXJWSA-N	InChI=1S/C20H30O4/c1-2-3-6-9-17(21)14-12-16-13-15-19(22)18(16)10-7-4-5-8-11-20(23)24/h4,7,12-18,21H,2-3,5-6,8-11H2,1H3,(H,23,24)/b7-4-,14-12+/t16-,17-,18+/m0/s1|InChI=1S/C20H30O4/c1-2-3-6-9-17(21)14-12-16-13-15-19(22)18(16)10-7-4-5-8-11-20(23)24/h4,7,12,14,17,21H,2-3,5-6,8-11,13,15H2,1H3,(H,23,24)/b7-4-,14-12+/t17-/m0/s1	M333T1	333.20748905956	86.2235490437872		[M-2H+Na]- 312.231	11	NA	
prostaglandin A1	hilic	Prostaglandin A1|Prostaglandin B1	CHEBI:15545|CHEBI:27624	2	a,b	C04685|C00959	Lipid metabolism	Arachidonic metabolism	Prostaglandins	HMDB02656|HMDB02982	CID5281912|CID5280388	C20H32O4	336.2301	BGKHCLZFGPIKKU-LDDQNKHRSA-N|YBHMPNRDOVPQIN-VSOYFRJCSA-N	InChI=1S/C20H32O4/c1-2-3-6-9-17(21)14-12-16-13-15-19(22)18(16)10-7-4-5-8-11-20(23)24/h12-18,21H,2-11H2,1H3,(H,23,24)/b14-12+/t16-,17-,18+/m0/s1|InChI=1S/C20H32O4/c1-2-3-6-9-17(21)14-12-16-13-15-19(22)18(16)10-7-4-5-8-11-20(23)24/h12,14,17,21H,2-11,13,15H2,1H3,(H,23,24)/b14-12+/t17-/m0/s1	M335T1.1	335.223054214183	82.5420751507128		[M+Cl]- 300.261	5	NA	
alpha,alpha-trehalose	hilic	D-(+)-Trehalose;α,α-Trehalose|Maltose;D-Maltose|α-Lactose|Isomaltose|Melibiose|Lactulose|Sucrose	CHEBI:16551|CHEBI:47937|CHEBI:36219|CHEBI:28189|CHEBI:28053|CHEBI:6359|CHEBI:17992	2	a,b	C01083|C00208|C00243|C00252|C05402|C07064|C00089	Carbohydrate metabolism|Miscellaneous	Galactose metabolism|Starch and Sucrose metabolism|Miscellaneous	Galactose|Sucrose|Cellobiose|Starch|Miscellaneous	HMDB00975|HMDB00163|HMDB00186|HMDB02923|HMDB00048|HMDB00740|HMDB00258	CID7427|CID439186|CID84571|CID439193|CID440658|CID11333|CID5988	C12H22O11	342.1162	HDTRYLNUVZCQOY-LIZSDCNHSA-N|GUBGYTABKSRVRQ-PICCSMPSSA-N|GUBGYTABKSRVRQ-XLOQQCSPSA-N|DLRVVLDZNNYCBX-RTPHMHGBSA-N|DLRVVLDZNNYCBX-ABXHMFFYSA-N|JCQLYHFGKNRPGE-FCVZTGTOSA-N|CZMRCDWAGMRECN-UGDNZRGBSA-N	InChI=1S/C12H22O11/c13-1-3-5(15)7(17)9(19)11(21-3)23-12-10(20)8(18)6(16)4(2-14)22-12/h3-20H,1-2H2/t3-,4-,5-,6-,7+,8+,9-,10-,11-,12-/m1/s1|InChI=1S/C12H22O11/c13-1-3-5(15)6(16)9(19)12(22-3)23-10-4(2-14)21-11(20)8(18)7(10)17/h3-20H,1-2H2/t3-,4-,5-,6+,7-,8-,9-,10-,11?,12-/m1/s1|InChI=1S/C12H22O11/c13-1-3-5(15)6(16)9(19)12(22-3)23-10-4(2-14)21-11(20)8(18)7(10)17/h3-20H,1-2H2/t3-,4-,5+,6+,7-,8-,9-,10-,11+,12+/m1/s1|InChI=1S/C12H22O11/c13-1-3-5(14)8(17)10(19)12(23-3)21-2-4-6(15)7(16)9(18)11(20)22-4/h3-20H,1-2H2/t3-,4-,5-,6-,7+,8+,9-,10-,11?,12+/m1/s1|InChI=1S/C12H22O11/c13-1-3-5(14)8(17)10(19)12(23-3)21-2-4-6(15)7(16)9(18)11(20)22-4/h3-20H,1-2H2/t3-,4-,5+,6-,7+,8+,9-,10-,11?,12+/m1/s1|InChI=1S/C12H22O11/c13-1-4-6(16)7(17)8(18)11(21-4)22-9-5(2-14)23-12(20,3-15)10(9)19/h4-11,13-20H,1-3H2/t4-,5-,6+,7+,8-,9-,10+,11+,12-/m1/s1|InChI=1S/C12H22O11/c13-1-4-6(16)8(18)9(19)11(21-4)23-12(3-15)10(20)7(17)5(2-14)22-12/h4-11,13-20H,1-3H2/t4-,5-,6-,7-,8+,9-,10+,11-,12+/m1/s1	M341T9	341.109360867602	537.12017246878	[527][M]-		10	NA	
medroxyprogesterone	hilic	Medroxyprogesterone	CHEBI:6715	2	a,b	C07119				HMDB01939	CID10631	C22H32O3	344.23514	FRQMUZJSZHZSGN-HBNHAYAOSA-N	InChI=1S/C22H32O3/c1-13-11-16-17(20(3)8-5-15(24)12-19(13)20)6-9-21(4)18(16)7-10-22(21,25)14(2)23/h12-13,16-18,25H,5-11H2,1-4H3/t13-,16+,17-,18-,20+,21-,22-/m0/s1	M343T1.2	343.228453680592	77.8525772952098			5	NA	
prostaglandin F1alpha	hilic	Prostaglandin F1α	CHEBI:28852	2	a,b	C06475	Lipid metabolism	Arachidonic metabolism	Prostaglandins	HMDB02685	CID5280939	C20H36O5	356.25627	DZUXGQBLFALXCR-CDIPTNKSSA-N	InChI=1S/C20H36O5/c1-2-3-6-9-15(21)12-13-17-16(18(22)14-19(17)23)10-7-4-5-8-11-20(24)25/h12-13,15-19,21-23H,2-11,14H2,1H3,(H,24,25)/b13-12+/t15-,16+,17+,18-,19+/m0/s1	M355T1	355.249552949377	80.0140317951125	[549][M]-	[M-H-H20]- 374.275	5	NA	
ADP	hilic	ADP;Adenosine diphosphate;Adenosine 5'-diphosphate	CHEBI:16761	2	a,b	C00008	Nucleotide metabolism	Purine metabolism	Adenine|Adenine Sufate	HMDB01341	CID6022	C10H15N5O10P2	427.02942	XTWYTFMLZFPYCI-KQYNXXCUSA-N	InChI=1S/C10H15N5O10P2/c11-8-5-9(13-2-12-8)15(3-14-5)10-7(17)6(16)4(24-10)1-23-27(21,22)25-26(18,19)20/h2-4,6-7,10,16-17H,1H2,(H,21,22)(H2,11,12,13)(H2,18,19,20)/t4-,6-,7-,10-/m1/s1	M426T10	426.023098513792	572.856613469445		[M-H]- 427.03	17	NA	
GDP	hilic	GDP;Guanosine diphosphate;Guanosine 5'-diphosphate	CHEBI:17552	2	a,b	C00035	Nucleotide metabolism	Purine metabolism	Guanine	HMDB01201	CID8977	C10H15N5O11P2	443.02433	QGWNDRXFNXRZMB-UUOKFMHZSA-N	InChI=1S/C10H15N5O11P2/c11-10-13-7-4(8(18)14-10)12-2-15(7)9-6(17)5(16)3(25-9)1-24-28(22,23)26-27(19,20)21/h2-3,5-6,9,16-17H,1H2,(H,22,23)(H2,19,20,21)(H3,11,13,14,18)/t3-,5-,6-,9-/m1/s1	M442T10	442.018113580469	613.686673360633			1682	NA	
glycocholate	hilic	Glycocholic acid;N-choloylglycine;Cholylglycine	CHEBI:29746	2	a,b	C01921	Lipid metabolism	Primary bile acid biosynthesis	Cholate	HMDB00138	CID10140	C26H43NO6	465.30904	RFDAIACWWDREDC-FRVQLJSFSA-N	InChI=1S/C26H43NO6/c1-14(4-7-22(31)27-13-23(32)33)17-5-6-18-24-19(12-21(30)26(17,18)3)25(2)9-8-16(28)10-15(25)11-20(24)29/h14-21,24,28-30H,4-13H2,1-3H3,(H,27,31)(H,32,33)/t14-,15+,16-,17-,18+,19+,20-,21+,24+,25+,26-/m1/s1	M464T2	464.302168082899	90.8033636758333		[3M+Cl]- 143.108 [M+Cl]- 429.327	11	NA	
ADP-D-ribose	hilic	Adenosine diphosphate ribose;ADP-ribose	CHEBI:16960	2	a,b	C00301	Nucleotide metabolism	Purine metabolism	Inosine and Xanthine	HMDB01178	CID192	C15H23N5O14P2	559.07167	SRNWOUGRCWSEMX-UHFFFAOYSA-N	InChI=1S/C15H23N5O14P2/c16-12-7-13(18-3-17-12)20(4-19-7)14-10(23)8(21)5(32-14)1-30-35(26,27)34-36(28,29)31-2-6-9(22)11(24)15(25)33-6/h3-6,8-11,14-15,21-25H,1-2H2,(H,26,27)(H,28,29)(H2,16,17,18)	M558T9	558.064741057731	521.055876343963			1394	NA	
UDP-alpha-D-galactose	hilic	Uridine Diphosphate Galactose;UDP Galactose;Uridine 5'-diphosphogalactose	CHEBI:67119	2	a,b	C00052	Carbohydrate metabolism	Amino sugar and nucleotide sugar matabolism|Galactose metabolism	UDP sugar|Galactose	HMDB00302	CID18068	C15H24N2O17P2	566.05502	HSCJRCZFDFQWRP-ABVWGUQPSA-N	InChI=1S/C15H24N2O17P2/c18-3-5-8(20)10(22)12(24)14(32-5)33-36(28,29)34-35(26,27)30-4-6-9(21)11(23)13(31-6)17-2-1-7(19)16-15(17)25/h1-2,5-6,8-14,18,20-24H,3-4H2,(H,26,27)(H,28,29)(H,16,19,25)/t5-,6-,8+,9-,10+,11-,12-,13-,14-/m1/s1	M565T10	565.048704209421	588.58597344288			35	NA	
GDP-L-fucose	hilic	Guanosine 5'-diphospho-β-L-fucose;GDP-β-L-fucose|ADP-glucose;Adenosine diphosphoglucose;Adenosine diphosphateglucose;Adenosine-5'-diphosphoglucose;Adenosine-5'-diphosphateglucose	CHEBI:17009|CHEBI:15751	2	a,b	C00325|C00498	Carbohydrate metabolism	Amino sugar and nucleotide sugar matabolism|Fructose and Mannose metabolism	GDP sugar|Mannose	HMDB01095|HMDB06557	CID10918995|CID16500	C16H25N5O15P2	589.0822	LQEBEXMHBLQMDB-JGQUBWHWSA-N|WFPZSXYXPSUOPY-ROYWQJLOSA-N	InChI=1S/C16H25N5O15P2/c1-4-7(22)9(24)11(26)15(33-4)35-38(30,31)36-37(28,29)32-2-5-8(23)10(25)14(34-5)21-3-18-6-12(21)19-16(17)20-13(6)27/h3-5,7-11,14-15,22-26H,2H2,1H3,(H,28,29)(H,30,31)(H3,17,19,20,27)/t4-,5+,7+,8+,9+,10+,11-,14+,15+/m0/s1|InChI=1S/C16H25N5O15P2/c17-13-7-14(19-3-18-13)21(4-20-7)15-11(26)9(24)6(33-15)2-32-37(28,29)36-38(30,31)35-16-12(27)10(25)8(23)5(1-22)34-16/h3-6,8-12,15-16,22-27H,1-2H2,(H,28,29)(H,30,31)(H2,17,18,19)/t5-,6-,8-,9-,10+,11-,12-,15-,16-/m1/s1	M588T10	588.075836465005	613.863254411637			1693	NA	
